filename,relative_path,vendor,control_id,canonical_field,state,sha256,split,file_key,control_group_key,split_unit,split_path
CTRL-001_PASS.cfg,configs/synthetic/cisco_ios/CTRL-001_PASS.cfg,cisco_ios,CTRL-001,management.ssh.version,PASS,afe1fac80919af481d4c60a50f2b17fa513a364e88ed193dc899400ecf752109,train,cisco_ios::CTRL-001_PASS.cfg,cisco_ios::CTRL-001,PASS-pinned,train/cisco_ios__CTRL-001_PASS.cfg
CTRL-001_FAIL.cfg,configs/synthetic/cisco_ios/CTRL-001_FAIL.cfg,cisco_ios,CTRL-001,management.ssh.version,FAIL,fc8294e8e1ae107dc985ea9e516b365a96b394d8315b0f4b779d2f454760b5a3,validation,cisco_ios::CTRL-001_FAIL.cfg,cisco_ios::CTRL-001,CTRL-001,validation/cisco_ios__CTRL-001_FAIL.cfg
CTRL-001_MISSING.cfg,configs/synthetic/cisco_ios/CTRL-001_MISSING.cfg,cisco_ios,CTRL-001,management.ssh.version,MISSING,4eddc94f2a981e76b4a3fac5936da2e0a9051538aa8429b08ec78ae0859a1181,validation,cisco_ios::CTRL-001_MISSING.cfg,cisco_ios::CTRL-001,CTRL-001,validation/cisco_ios__CTRL-001_MISSING.cfg
CTRL-002_PASS.cfg,configs/synthetic/cisco_ios/CTRL-002_PASS.cfg,cisco_ios,CTRL-002,management.telnet.enabled,PASS,afe1fac80919af481d4c60a50f2b17fa513a364e88ed193dc899400ecf752109,train,cisco_ios::CTRL-002_PASS.cfg,cisco_ios::CTRL-002,PASS-pinned,train/cisco_ios__CTRL-002_PASS.cfg
CTRL-002_FAIL.cfg,configs/synthetic/cisco_ios/CTRL-002_FAIL.cfg,cisco_ios,CTRL-002,management.telnet.enabled,FAIL,ce11b01bb284ca3abb8f1cae37f1585e5abecae15ae178a3c66140bbb9b241fc,train,cisco_ios::CTRL-002_FAIL.cfg,cisco_ios::CTRL-002,CTRL-002,train/cisco_ios__CTRL-002_FAIL.cfg
CTRL-002_MISSING.cfg,configs/synthetic/cisco_ios/CTRL-002_MISSING.cfg,cisco_ios,CTRL-002,management.telnet.enabled,MISSING,17b43d0d654161d6fedbcf07a986d845fffe4e7cdd105f242ef3904f59b6b829,train,cisco_ios::CTRL-002_MISSING.cfg,cisco_ios::CTRL-002,CTRL-002,train/cisco_ios__CTRL-002_MISSING.cfg
CTRL-003_PASS.cfg,configs/synthetic/cisco_ios/CTRL-003_PASS.cfg,cisco_ios,CTRL-003,management.http.enabled,PASS,afe1fac80919af481d4c60a50f2b17fa513a364e88ed193dc899400ecf752109,train,cisco_ios::CTRL-003_PASS.cfg,cisco_ios::CTRL-003,PASS-pinned,train/cisco_ios__CTRL-003_PASS.cfg
CTRL-003_FAIL.cfg,configs/synthetic/cisco_ios/CTRL-003_FAIL.cfg,cisco_ios,CTRL-003,management.http.enabled,FAIL,d987a6ce9d63191c778e583b45c9b1ea9ee7fa88954f1eb1b47960063922fafb,test,cisco_ios::CTRL-003_FAIL.cfg,cisco_ios::CTRL-003,CTRL-003,test/cisco_ios__CTRL-003_FAIL.cfg
CTRL-003_MISSING.cfg,configs/synthetic/cisco_ios/CTRL-003_MISSING.cfg,cisco_ios,CTRL-003,management.http.enabled,MISSING,6e110bb2f62e0d1dbe2e303045b483e7c9c548a6aba2c647a01a1bc357f07626,test,cisco_ios::CTRL-003_MISSING.cfg,cisco_ios::CTRL-003,CTRL-003,test/cisco_ios__CTRL-003_MISSING.cfg
CTRL-004_PASS.cfg,configs/synthetic/cisco_ios/CTRL-004_PASS.cfg,cisco_ios,CTRL-004,management.https.enabled,PASS,afe1fac80919af481d4c60a50f2b17fa513a364e88ed193dc899400ecf752109,train,cisco_ios::CTRL-004_PASS.cfg,cisco_ios::CTRL-004,PASS-pinned,train/cisco_ios__CTRL-004_PASS.cfg
CTRL-004_FAIL.cfg,configs/synthetic/cisco_ios/CTRL-004_FAIL.cfg,cisco_ios,CTRL-004,management.https.enabled,FAIL,85a6dd80a1e487a2b4c51685d18fffb30817f6ab506ed59f26ffbc66817bac16,train,cisco_ios::CTRL-004_FAIL.cfg,cisco_ios::CTRL-004,CTRL-004,train/cisco_ios__CTRL-004_FAIL.cfg
CTRL-004_MISSING.cfg,configs/synthetic/cisco_ios/CTRL-004_MISSING.cfg,cisco_ios,CTRL-004,management.https.enabled,MISSING,ae0d3ad6723dcd01306939aadeb0e497d887bcac66ba77417115d53e10298708,train,cisco_ios::CTRL-004_MISSING.cfg,cisco_ios::CTRL-004,CTRL-004,train/cisco_ios__CTRL-004_MISSING.cfg
CTRL-005_PASS.cfg,configs/synthetic/cisco_ios/CTRL-005_PASS.cfg,cisco_ios,CTRL-005,management.session.idle_timeout_minutes,PASS,afe1fac80919af481d4c60a50f2b17fa513a364e88ed193dc899400ecf752109,train,cisco_ios::CTRL-005_PASS.cfg,cisco_ios::CTRL-005,PASS-pinned,train/cisco_ios__CTRL-005_PASS.cfg
CTRL-005_FAIL.cfg,configs/synthetic/cisco_ios/CTRL-005_FAIL.cfg,cisco_ios,CTRL-005,management.session.idle_timeout_minutes,FAIL,f8421b497e29187d5c7c429552d9acbfaa2a19e068953b85189d9d30fe03bc7d,train,cisco_ios::CTRL-005_FAIL.cfg,cisco_ios::CTRL-005,CTRL-005,train/cisco_ios__CTRL-005_FAIL.cfg
CTRL-005_MISSING.cfg,configs/synthetic/cisco_ios/CTRL-005_MISSING.cfg,cisco_ios,CTRL-005,management.session.idle_timeout_minutes,MISSING,294346d693f01876a4c611f100f7e334be3e0dc51f4d5db50abfbbdf16cd5b82,train,cisco_ios::CTRL-005_MISSING.cfg,cisco_ios::CTRL-005,CTRL-005,train/cisco_ios__CTRL-005_MISSING.cfg
CTRL-006_PASS.cfg,configs/synthetic/cisco_ios/CTRL-006_PASS.cfg,cisco_ios,CTRL-006,management.aaa.enabled,PASS,afe1fac80919af481d4c60a50f2b17fa513a364e88ed193dc899400ecf752109,train,cisco_ios::CTRL-006_PASS.cfg,cisco_ios::CTRL-006,PASS-pinned,train/cisco_ios__CTRL-006_PASS.cfg
CTRL-006_MISSING.cfg,configs/synthetic/cisco_ios/CTRL-006_MISSING.cfg,cisco_ios,CTRL-006,management.aaa.enabled,MISSING,b00296dce4a8b47986c9548919bb5536d38d27530441b1ec2de071320d494353,train,cisco_ios::CTRL-006_MISSING.cfg,cisco_ios::CTRL-006,CTRL-006,train/cisco_ios__CTRL-006_MISSING.cfg
CTRL-007_PASS.cfg,configs/synthetic/cisco_ios/CTRL-007_PASS.cfg,cisco_ios,CTRL-007,management.password.strong_policy_enabled,PASS,afe1fac80919af481d4c60a50f2b17fa513a364e88ed193dc899400ecf752109,train,cisco_ios::CTRL-007_PASS.cfg,cisco_ios::CTRL-007,PASS-pinned,train/cisco_ios__CTRL-007_PASS.cfg
CTRL-007_MISSING.cfg,configs/synthetic/cisco_ios/CTRL-007_MISSING.cfg,cisco_ios,CTRL-007,management.password.strong_policy_enabled,MISSING,88f902da11f67e882edc7b4944e676cab24ab60c1bb2b87b5a916b005f0132c2,train,cisco_ios::CTRL-007_MISSING.cfg,cisco_ios::CTRL-007,CTRL-007,train/cisco_ios__CTRL-007_MISSING.cfg
CTRL-008_PASS.cfg,configs/synthetic/cisco_ios/CTRL-008_PASS.cfg,cisco_ios,CTRL-008,management.login.max_failed_attempts,PASS,afe1fac80919af481d4c60a50f2b17fa513a364e88ed193dc899400ecf752109,train,cisco_ios::CTRL-008_PASS.cfg,cisco_ios::CTRL-008,PASS-pinned,train/cisco_ios__CTRL-008_PASS.cfg
CTRL-008_FAIL.cfg,configs/synthetic/cisco_ios/CTRL-008_FAIL.cfg,cisco_ios,CTRL-008,management.login.max_failed_attempts,FAIL,8f533dd86434fc60127d866e61aee1d70d7b492ad027c4a7ab8b1056c4dda85a,train,cisco_ios::CTRL-008_FAIL.cfg,cisco_ios::CTRL-008,CTRL-008,train/cisco_ios__CTRL-008_FAIL.cfg
CTRL-008_MISSING.cfg,configs/synthetic/cisco_ios/CTRL-008_MISSING.cfg,cisco_ios,CTRL-008,management.login.max_failed_attempts,MISSING,5a7045e0ec9dfc03a317b7188bbdead039297b4b0a15476d9e40dab0fb0d134b,train,cisco_ios::CTRL-008_MISSING.cfg,cisco_ios::CTRL-008,CTRL-008,train/cisco_ios__CTRL-008_MISSING.cfg
CTRL-009_PASS.cfg,configs/synthetic/cisco_ios/CTRL-009_PASS.cfg,cisco_ios,CTRL-009,management.logging.enabled,PASS,afe1fac80919af481d4c60a50f2b17fa513a364e88ed193dc899400ecf752109,train,cisco_ios::CTRL-009_PASS.cfg,cisco_ios::CTRL-009,PASS-pinned,train/cisco_ios__CTRL-009_PASS.cfg
CTRL-009_FAIL.cfg,configs/synthetic/cisco_ios/CTRL-009_FAIL.cfg,cisco_ios,CTRL-009,management.logging.enabled,FAIL,ea38540cfbd860cf49312697a95c3807459355cdb8b849e2977873a011255edc,validation,cisco_ios::CTRL-009_FAIL.cfg,cisco_ios::CTRL-009,CTRL-009,validation/cisco_ios__CTRL-009_FAIL.cfg
CTRL-009_MISSING.cfg,configs/synthetic/cisco_ios/CTRL-009_MISSING.cfg,cisco_ios,CTRL-009,management.logging.enabled,MISSING,71f6506f6622825a0129a3fadc19c226701f8132e6500d1b46dc0c1a8711e45d,validation,cisco_ios::CTRL-009_MISSING.cfg,cisco_ios::CTRL-009,CTRL-009,validation/cisco_ios__CTRL-009_MISSING.cfg
CTRL-010_PASS.cfg,configs/synthetic/cisco_ios/CTRL-010_PASS.cfg,cisco_ios,CTRL-010,management.logging.remote_syslog_configured,PASS,afe1fac80919af481d4c60a50f2b17fa513a364e88ed193dc899400ecf752109,train,cisco_ios::CTRL-010_PASS.cfg,cisco_ios::CTRL-010,PASS-pinned,train/cisco_ios__CTRL-010_PASS.cfg
CTRL-010_MISSING.cfg,configs/synthetic/cisco_ios/CTRL-010_MISSING.cfg,cisco_ios,CTRL-010,management.logging.remote_syslog_configured,MISSING,bad5d126a0401dc5588fa9c43efea0bf4c8fea48ae3a6e0ca131de109bda464d,validation,cisco_ios::CTRL-010_MISSING.cfg,cisco_ios::CTRL-010,CTRL-010,validation/cisco_ios__CTRL-010_MISSING.cfg
CTRL-011_PASS.cfg,configs/synthetic/cisco_ios/CTRL-011_PASS.cfg,cisco_ios,CTRL-011,management.ntp.configured,PASS,afe1fac80919af481d4c60a50f2b17fa513a364e88ed193dc899400ecf752109,train,cisco_ios::CTRL-011_PASS.cfg,cisco_ios::CTRL-011,PASS-pinned,train/cisco_ios__CTRL-011_PASS.cfg
CTRL-011_MISSING.cfg,configs/synthetic/cisco_ios/CTRL-011_MISSING.cfg,cisco_ios,CTRL-011,management.ntp.configured,MISSING,c041ebc53506fe821f820b9ed9d478c7dbf811662312c8a1f5ae230d58bf150d,test,cisco_ios::CTRL-011_MISSING.cfg,cisco_ios::CTRL-011,CTRL-011,test/cisco_ios__CTRL-011_MISSING.cfg
CTRL-012_PASS.cfg,configs/synthetic/cisco_ios/CTRL-012_PASS.cfg,cisco_ios,CTRL-012,management.ntp.authentication_enabled,PASS,afe1fac80919af481d4c60a50f2b17fa513a364e88ed193dc899400ecf752109,train,cisco_ios::CTRL-012_PASS.cfg,cisco_ios::CTRL-012,PASS-pinned,train/cisco_ios__CTRL-012_PASS.cfg
CTRL-012_FAIL.cfg,configs/synthetic/cisco_ios/CTRL-012_FAIL.cfg,cisco_ios,CTRL-012,management.ntp.authentication_enabled,FAIL,6ee65ba49925003a1724e0254a2fb87aa7b7ebd523a1edafdd23667afd17c18e,train,cisco_ios::CTRL-012_FAIL.cfg,cisco_ios::CTRL-012,CTRL-012,train/cisco_ios__CTRL-012_FAIL.cfg
CTRL-012_MISSING.cfg,configs/synthetic/cisco_ios/CTRL-012_MISSING.cfg,cisco_ios,CTRL-012,management.ntp.authentication_enabled,MISSING,3bc09707b2558588fb94ca2796a4aeb11ba57a03b9e37a7662605198ad3a282c,train,cisco_ios::CTRL-012_MISSING.cfg,cisco_ios::CTRL-012,CTRL-012,train/cisco_ios__CTRL-012_MISSING.cfg
CTRL-013_PASS.cfg,configs/synthetic/cisco_ios/CTRL-013_PASS.cfg,cisco_ios,CTRL-013,management.snmp.secure_configuration,PASS,afe1fac80919af481d4c60a50f2b17fa513a364e88ed193dc899400ecf752109,train,cisco_ios::CTRL-013_PASS.cfg,cisco_ios::CTRL-013,PASS-pinned,train/cisco_ios__CTRL-013_PASS.cfg
CTRL-013_FAIL.cfg,configs/synthetic/cisco_ios/CTRL-013_FAIL.cfg,cisco_ios,CTRL-013,management.snmp.secure_configuration,FAIL,c84f230e42b7e8d993174ac1407ed91ced080d18d8bf8153c3f691631a70c8b9,test,cisco_ios::CTRL-013_FAIL.cfg,cisco_ios::CTRL-013,CTRL-013,test/cisco_ios__CTRL-013_FAIL.cfg
CTRL-013_MISSING.cfg,configs/synthetic/cisco_ios/CTRL-013_MISSING.cfg,cisco_ios,CTRL-013,management.snmp.secure_configuration,MISSING,b10370a74832e4820a0b1389ec71c8ca30d80e338c29d245e1ab5c6e8355826c,test,cisco_ios::CTRL-013_MISSING.cfg,cisco_ios::CTRL-013,CTRL-013,test/cisco_ios__CTRL-013_MISSING.cfg
CTRL-014_PASS.cfg,configs/synthetic/cisco_ios/CTRL-014_PASS.cfg,cisco_ios,CTRL-014,interfaces.unused_ports_disabled,PASS,afe1fac80919af481d4c60a50f2b17fa513a364e88ed193dc899400ecf752109,train,cisco_ios::CTRL-014_PASS.cfg,cisco_ios::CTRL-014,PASS-pinned,train/cisco_ios__CTRL-014_PASS.cfg
CTRL-014_FAIL.cfg,configs/synthetic/cisco_ios/CTRL-014_FAIL.cfg,cisco_ios,CTRL-014,interfaces.unused_ports_disabled,FAIL,8eed59cea3f8b6b0246ef88b4b5ef647f486e307d7d913882a65e59318472e12,train,cisco_ios::CTRL-014_FAIL.cfg,cisco_ios::CTRL-014,CTRL-014,train/cisco_ios__CTRL-014_FAIL.cfg
CTRL-014_MISSING.cfg,configs/synthetic/cisco_ios/CTRL-014_MISSING.cfg,cisco_ios,CTRL-014,interfaces.unused_ports_disabled,MISSING,34a6428cf4000da318e906fe15fc69a72898a62958b2d6b3dd6fccab9d6220d3,train,cisco_ios::CTRL-014_MISSING.cfg,cisco_ios::CTRL-014,CTRL-014,train/cisco_ios__CTRL-014_MISSING.cfg
CTRL-015_PASS.cfg,configs/synthetic/cisco_ios/CTRL-015_PASS.cfg,cisco_ios,CTRL-015,management.acl.configured,PASS,afe1fac80919af481d4c60a50f2b17fa513a364e88ed193dc899400ecf752109,train,cisco_ios::CTRL-015_PASS.cfg,cisco_ios::CTRL-015,PASS-pinned,train/cisco_ios__CTRL-015_PASS.cfg
CTRL-015_MISSING.cfg,configs/synthetic/cisco_ios/CTRL-015_MISSING.cfg,cisco_ios,CTRL-015,management.acl.configured,MISSING,835b0ed63c798c4990550de871456dac694f68e945bc8af44a94838a8a1b12ea,train,cisco_ios::CTRL-015_MISSING.cfg,cisco_ios::CTRL-015,CTRL-015+CTRL-017,train/cisco_ios__CTRL-015_MISSING.cfg
CTRL-016_PASS.cfg,configs/synthetic/cisco_ios/CTRL-016_PASS.cfg,cisco_ios,CTRL-016,routing.protocol_authentication_enabled,PASS,afe1fac80919af481d4c60a50f2b17fa513a364e88ed193dc899400ecf752109,train,cisco_ios::CTRL-016_PASS.cfg,cisco_ios::CTRL-016,PASS-pinned,train/cisco_ios__CTRL-016_PASS.cfg
CTRL-016_MISSING.cfg,configs/synthetic/cisco_ios/CTRL-016_MISSING.cfg,cisco_ios,CTRL-016,routing.protocol_authentication_enabled,MISSING,1056158685c768d6ee161e79450745f7810d6fa94b483bf75f25710fc2d7aafb,train,cisco_ios::CTRL-016_MISSING.cfg,cisco_ios::CTRL-016,CTRL-016,train/cisco_ios__CTRL-016_MISSING.cfg
CTRL-017_PASS.cfg,configs/synthetic/cisco_ios/CTRL-017_PASS.cfg,cisco_ios,CTRL-017,management.admin_access.restricted,PASS,afe1fac80919af481d4c60a50f2b17fa513a364e88ed193dc899400ecf752109,train,cisco_ios::CTRL-017_PASS.cfg,cisco_ios::CTRL-017,PASS-pinned,train/cisco_ios__CTRL-017_PASS.cfg
CTRL-017_MISSING.cfg,configs/synthetic/cisco_ios/CTRL-017_MISSING.cfg,cisco_ios,CTRL-017,management.admin_access.restricted,MISSING,835b0ed63c798c4990550de871456dac694f68e945bc8af44a94838a8a1b12ea,train,cisco_ios::CTRL-017_MISSING.cfg,cisco_ios::CTRL-017,CTRL-015+CTRL-017,train/cisco_ios__CTRL-017_MISSING.cfg
CTRL-018_PASS.cfg,configs/synthetic/cisco_ios/CTRL-018_PASS.cfg,cisco_ios,CTRL-018,management.banner.configured,PASS,afe1fac80919af481d4c60a50f2b17fa513a364e88ed193dc899400ecf752109,train,cisco_ios::CTRL-018_PASS.cfg,cisco_ios::CTRL-018,PASS-pinned,train/cisco_ios__CTRL-018_PASS.cfg
CTRL-018_MISSING.cfg,configs/synthetic/cisco_ios/CTRL-018_MISSING.cfg,cisco_ios,CTRL-018,management.banner.configured,MISSING,f14c17595f4c30bfe1d0e24265a5cdaa21f4a9129046116842066579408efc39,train,cisco_ios::CTRL-018_MISSING.cfg,cisco_ios::CTRL-018,CTRL-018,train/cisco_ios__CTRL-018_MISSING.cfg
CTRL-019_PASS.cfg,configs/synthetic/cisco_ios/CTRL-019_PASS.cfg,cisco_ios,CTRL-019,management.crypto.weak_algorithms_disabled,PASS,afe1fac80919af481d4c60a50f2b17fa513a364e88ed193dc899400ecf752109,train,cisco_ios::CTRL-019_PASS.cfg,cisco_ios::CTRL-019,PASS-pinned,train/cisco_ios__CTRL-019_PASS.cfg
CTRL-019_FAIL.cfg,configs/synthetic/cisco_ios/CTRL-019_FAIL.cfg,cisco_ios,CTRL-019,management.crypto.weak_algorithms_disabled,FAIL,b111f9c019ee1f0ffec69225381a14a3e5f6a162f26c513fb595e5a1f8f8f3ed,train,cisco_ios::CTRL-019_FAIL.cfg,cisco_ios::CTRL-019,CTRL-019,train/cisco_ios__CTRL-019_FAIL.cfg
CTRL-019_MISSING.cfg,configs/synthetic/cisco_ios/CTRL-019_MISSING.cfg,cisco_ios,CTRL-019,management.crypto.weak_algorithms_disabled,MISSING,36afee925c6b5df321759349c8927461ec0b929a5f888e79c0c852c0c254896e,train,cisco_ios::CTRL-019_MISSING.cfg,cisco_ios::CTRL-019,CTRL-019,train/cisco_ios__CTRL-019_MISSING.cfg
CTRL-020_PASS.cfg,configs/synthetic/cisco_ios/CTRL-020_PASS.cfg,cisco_ios,CTRL-020,management.protocols.insecure_disabled,PASS,afe1fac80919af481d4c60a50f2b17fa513a364e88ed193dc899400ecf752109,train,cisco_ios::CTRL-020_PASS.cfg,cisco_ios::CTRL-020,PASS-pinned,train/cisco_ios__CTRL-020_PASS.cfg
CTRL-020_FAIL.cfg,configs/synthetic/cisco_ios/CTRL-020_FAIL.cfg,cisco_ios,CTRL-020,management.protocols.insecure_disabled,FAIL,53040e2826bd7535ec7c801832e130c49d096f4d8b083830cedad18aee643a32,train,cisco_ios::CTRL-020_FAIL.cfg,cisco_ios::CTRL-020,CTRL-020,train/cisco_ios__CTRL-020_FAIL.cfg
CTRL-020_MISSING.cfg,configs/synthetic/cisco_ios/CTRL-020_MISSING.cfg,cisco_ios,CTRL-020,management.protocols.insecure_disabled,MISSING,f0d14c11db2b2c37aaa2c0be9ba408a963f30219a89109ce03712a5fbc706c63,train,cisco_ios::CTRL-020_MISSING.cfg,cisco_ios::CTRL-020,CTRL-020,train/cisco_ios__CTRL-020_MISSING.cfg
CTRL-001_PASS.cfg,configs/synthetic/fortios/CTRL-001_PASS.cfg,fortios,CTRL-001,management.ssh.version,PASS,7bea5a4d5267658368d62784cb04ba3e4a35ee1dc4b4c25beb34803fc68301ab,train,fortios::CTRL-001_PASS.cfg,fortios::CTRL-001,PASS-pinned,train/fortios__CTRL-001_PASS.cfg
CTRL-001_FAIL.cfg,configs/synthetic/fortios/CTRL-001_FAIL.cfg,fortios,CTRL-001,management.ssh.version,FAIL,072a944422c230c2b6fe7161b1376c9d47e832ba72b4c3a2689eeaedb5404ee9,train,fortios::CTRL-001_FAIL.cfg,fortios::CTRL-001,CTRL-001,train/fortios__CTRL-001_FAIL.cfg
CTRL-001_MISSING.cfg,configs/synthetic/fortios/CTRL-001_MISSING.cfg,fortios,CTRL-001,management.ssh.version,MISSING,389e54404865c25d6fefdc30417e95f47f5c2c8b8bbc5f96751ec811143c3367,train,fortios::CTRL-001_MISSING.cfg,fortios::CTRL-001,CTRL-001,train/fortios__CTRL-001_MISSING.cfg
CTRL-002_PASS.cfg,configs/synthetic/fortios/CTRL-002_PASS.cfg,fortios,CTRL-002,management.telnet.enabled,PASS,7bea5a4d5267658368d62784cb04ba3e4a35ee1dc4b4c25beb34803fc68301ab,train,fortios::CTRL-002_PASS.cfg,fortios::CTRL-002,PASS-pinned,train/fortios__CTRL-002_PASS.cfg
CTRL-002_FAIL.cfg,configs/synthetic/fortios/CTRL-002_FAIL.cfg,fortios,CTRL-002,management.telnet.enabled,FAIL,5da51ef3156827d3aa5b4ddae868e1bbd79971d9b8f988c0bbd386c2240a2a53,train,fortios::CTRL-002_FAIL.cfg,fortios::CTRL-002,CTRL-002,train/fortios__CTRL-002_FAIL.cfg
CTRL-002_MISSING.cfg,configs/synthetic/fortios/CTRL-002_MISSING.cfg,fortios,CTRL-002,management.telnet.enabled,MISSING,7b7a0d0deff4ecfa91220cd535a128e119542c0c36622f1554f3d05e1c350eeb,train,fortios::CTRL-002_MISSING.cfg,fortios::CTRL-002,CTRL-002,train/fortios__CTRL-002_MISSING.cfg
CTRL-003_PASS.cfg,configs/synthetic/fortios/CTRL-003_PASS.cfg,fortios,CTRL-003,management.http.enabled,PASS,7bea5a4d5267658368d62784cb04ba3e4a35ee1dc4b4c25beb34803fc68301ab,train,fortios::CTRL-003_PASS.cfg,fortios::CTRL-003,PASS-pinned,train/fortios__CTRL-003_PASS.cfg
CTRL-003_FAIL.cfg,configs/synthetic/fortios/CTRL-003_FAIL.cfg,fortios,CTRL-003,management.http.enabled,FAIL,35f6ae5d19a0b76ed8a3bd6538eec18b2fe4b6814f276bae45ad57370ba081b2,train,fortios::CTRL-003_FAIL.cfg,fortios::CTRL-003,CTRL-003+CTRL-004,train/fortios__CTRL-003_FAIL.cfg
CTRL-003_MISSING.cfg,configs/synthetic/fortios/CTRL-003_MISSING.cfg,fortios,CTRL-003,management.http.enabled,MISSING,a2bc68e9ccfc5376880352ffb07d4a7edebde9a3f4cc67e85bcdedcc315901da,train,fortios::CTRL-003_MISSING.cfg,fortios::CTRL-003,CTRL-003+CTRL-004,train/fortios__CTRL-003_MISSING.cfg
CTRL-004_PASS.cfg,configs/synthetic/fortios/CTRL-004_PASS.cfg,fortios,CTRL-004,management.https.enabled,PASS,7bea5a4d5267658368d62784cb04ba3e4a35ee1dc4b4c25beb34803fc68301ab,train,fortios::CTRL-004_PASS.cfg,fortios::CTRL-004,PASS-pinned,train/fortios__CTRL-004_PASS.cfg
CTRL-004_FAIL.cfg,configs/synthetic/fortios/CTRL-004_FAIL.cfg,fortios,CTRL-004,management.https.enabled,FAIL,e971e2049490546873d5ffe1794bdfe221fdc53eb7e77dbcc99ec83b8f36f466,train,fortios::CTRL-004_FAIL.cfg,fortios::CTRL-004,CTRL-003+CTRL-004,train/fortios__CTRL-004_FAIL.cfg
CTRL-004_MISSING.cfg,configs/synthetic/fortios/CTRL-004_MISSING.cfg,fortios,CTRL-004,management.https.enabled,MISSING,a2bc68e9ccfc5376880352ffb07d4a7edebde9a3f4cc67e85bcdedcc315901da,train,fortios::CTRL-004_MISSING.cfg,fortios::CTRL-004,CTRL-003+CTRL-004,train/fortios__CTRL-004_MISSING.cfg
CTRL-005_PASS.cfg,configs/synthetic/fortios/CTRL-005_PASS.cfg,fortios,CTRL-005,management.session.idle_timeout_minutes,PASS,7bea5a4d5267658368d62784cb04ba3e4a35ee1dc4b4c25beb34803fc68301ab,train,fortios::CTRL-005_PASS.cfg,fortios::CTRL-005,PASS-pinned,train/fortios__CTRL-005_PASS.cfg
CTRL-005_FAIL.cfg,configs/synthetic/fortios/CTRL-005_FAIL.cfg,fortios,CTRL-005,management.session.idle_timeout_minutes,FAIL,baee47ce792d7b2821a7ddc6baaf248b3f3862f3ae7222cfc97cb72fd426edcb,train,fortios::CTRL-005_FAIL.cfg,fortios::CTRL-005,CTRL-005,train/fortios__CTRL-005_FAIL.cfg
CTRL-005_MISSING.cfg,configs/synthetic/fortios/CTRL-005_MISSING.cfg,fortios,CTRL-005,management.session.idle_timeout_minutes,MISSING,dad498d5288b5cf3cfeb3eba19b9ed46bc6197b684bc6b2b566ae9424256f47f,train,fortios::CTRL-005_MISSING.cfg,fortios::CTRL-005,CTRL-005,train/fortios__CTRL-005_MISSING.cfg
CTRL-006_PASS.cfg,configs/synthetic/fortios/CTRL-006_PASS.cfg,fortios,CTRL-006,management.aaa.enabled,PASS,7bea5a4d5267658368d62784cb04ba3e4a35ee1dc4b4c25beb34803fc68301ab,train,fortios::CTRL-006_PASS.cfg,fortios::CTRL-006,PASS-pinned,train/fortios__CTRL-006_PASS.cfg
CTRL-006_MISSING.cfg,configs/synthetic/fortios/CTRL-006_MISSING.cfg,fortios,CTRL-006,management.aaa.enabled,MISSING,d0e9b8117b01c863bc582b52a6dd5e511e99d8fa19565c7cf885012a46f38abc,train,fortios::CTRL-006_MISSING.cfg,fortios::CTRL-006,CTRL-006,train/fortios__CTRL-006_MISSING.cfg
CTRL-007_PASS.cfg,configs/synthetic/fortios/CTRL-007_PASS.cfg,fortios,CTRL-007,management.password.strong_policy_enabled,PASS,7bea5a4d5267658368d62784cb04ba3e4a35ee1dc4b4c25beb34803fc68301ab,train,fortios::CTRL-007_PASS.cfg,fortios::CTRL-007,PASS-pinned,train/fortios__CTRL-007_PASS.cfg
CTRL-007_MISSING.cfg,configs/synthetic/fortios/CTRL-007_MISSING.cfg,fortios,CTRL-007,management.password.strong_policy_enabled,MISSING,be78d2c9f8c5237110ccc413f799bca543a46ee14f739c098c0cdbc900021249,train,fortios::CTRL-007_MISSING.cfg,fortios::CTRL-007,CTRL-007,train/fortios__CTRL-007_MISSING.cfg
CTRL-008_PASS.cfg,configs/synthetic/fortios/CTRL-008_PASS.cfg,fortios,CTRL-008,management.login.max_failed_attempts,PASS,7bea5a4d5267658368d62784cb04ba3e4a35ee1dc4b4c25beb34803fc68301ab,train,fortios::CTRL-008_PASS.cfg,fortios::CTRL-008,PASS-pinned,train/fortios__CTRL-008_PASS.cfg
CTRL-008_FAIL.cfg,configs/synthetic/fortios/CTRL-008_FAIL.cfg,fortios,CTRL-008,management.login.max_failed_attempts,FAIL,c507dc8c7f5aaacb3ce4d8b521e143103cdf4dde84f1752794eb8ae30ed2469e,validation,fortios::CTRL-008_FAIL.cfg,fortios::CTRL-008,CTRL-008,validation/fortios__CTRL-008_FAIL.cfg
CTRL-008_MISSING.cfg,configs/synthetic/fortios/CTRL-008_MISSING.cfg,fortios,CTRL-008,management.login.max_failed_attempts,MISSING,059f4a9296a39b721d0be89c54330c48795b65064d2ae8b60af084f64132141f,validation,fortios::CTRL-008_MISSING.cfg,fortios::CTRL-008,CTRL-008,validation/fortios__CTRL-008_MISSING.cfg
CTRL-009_PASS.cfg,configs/synthetic/fortios/CTRL-009_PASS.cfg,fortios,CTRL-009,management.logging.enabled,PASS,7bea5a4d5267658368d62784cb04ba3e4a35ee1dc4b4c25beb34803fc68301ab,train,fortios::CTRL-009_PASS.cfg,fortios::CTRL-009,PASS-pinned,train/fortios__CTRL-009_PASS.cfg
CTRL-009_FAIL.cfg,configs/synthetic/fortios/CTRL-009_FAIL.cfg,fortios,CTRL-009,management.logging.enabled,FAIL,1729123f6ff875ceaf4fe74fbd9e0a669bd02c06ed8997e1c92f0256ade5af66,train,fortios::CTRL-009_FAIL.cfg,fortios::CTRL-009,CTRL-009,train/fortios__CTRL-009_FAIL.cfg
CTRL-009_MISSING.cfg,configs/synthetic/fortios/CTRL-009_MISSING.cfg,fortios,CTRL-009,management.logging.enabled,MISSING,9d1ca71501c80de68bac51f4e4916c47b9c238dfbfdc0ffd498a8d159cc2bd50,train,fortios::CTRL-009_MISSING.cfg,fortios::CTRL-009,CTRL-009,train/fortios__CTRL-009_MISSING.cfg
CTRL-010_PASS.cfg,configs/synthetic/fortios/CTRL-010_PASS.cfg,fortios,CTRL-010,management.logging.remote_syslog_configured,PASS,7bea5a4d5267658368d62784cb04ba3e4a35ee1dc4b4c25beb34803fc68301ab,train,fortios::CTRL-010_PASS.cfg,fortios::CTRL-010,PASS-pinned,train/fortios__CTRL-010_PASS.cfg
CTRL-010_MISSING.cfg,configs/synthetic/fortios/CTRL-010_MISSING.cfg,fortios,CTRL-010,management.logging.remote_syslog_configured,MISSING,cbceaaf0296e6a0af1c800488c5ceecee62747ff5562db23d43014aa9e48d1dd,test,fortios::CTRL-010_MISSING.cfg,fortios::CTRL-010,CTRL-010,test/fortios__CTRL-010_MISSING.cfg
CTRL-011_PASS.cfg,configs/synthetic/fortios/CTRL-011_PASS.cfg,fortios,CTRL-011,management.ntp.configured,PASS,7bea5a4d5267658368d62784cb04ba3e4a35ee1dc4b4c25beb34803fc68301ab,train,fortios::CTRL-011_PASS.cfg,fortios::CTRL-011,PASS-pinned,train/fortios__CTRL-011_PASS.cfg
CTRL-011_MISSING.cfg,configs/synthetic/fortios/CTRL-011_MISSING.cfg,fortios,CTRL-011,management.ntp.configured,MISSING,9147377dbd021f0b69e8c66741647a7905e83bada0c09394f95bbe31c4107aff,test,fortios::CTRL-011_MISSING.cfg,fortios::CTRL-011,CTRL-011,test/fortios__CTRL-011_MISSING.cfg
CTRL-012_PASS.cfg,configs/synthetic/fortios/CTRL-012_PASS.cfg,fortios,CTRL-012,management.ntp.authentication_enabled,PASS,7bea5a4d5267658368d62784cb04ba3e4a35ee1dc4b4c25beb34803fc68301ab,train,fortios::CTRL-012_PASS.cfg,fortios::CTRL-012,PASS-pinned,train/fortios__CTRL-012_PASS.cfg
CTRL-012_FAIL.cfg,configs/synthetic/fortios/CTRL-012_FAIL.cfg,fortios,CTRL-012,management.ntp.authentication_enabled,FAIL,a976ec27d83c2c3375e81d75a9857ad0e00a6810673b907c2cae229f5c735f5e,train,fortios::CTRL-012_FAIL.cfg,fortios::CTRL-012,CTRL-012,train/fortios__CTRL-012_FAIL.cfg
CTRL-012_MISSING.cfg,configs/synthetic/fortios/CTRL-012_MISSING.cfg,fortios,CTRL-012,management.ntp.authentication_enabled,MISSING,1c3312d26276b7eac7dcf1ccee52a5f0702e2fb1b8efcada6debbb745d649e2e,train,fortios::CTRL-012_MISSING.cfg,fortios::CTRL-012,CTRL-012,train/fortios__CTRL-012_MISSING.cfg
CTRL-013_PASS.cfg,configs/synthetic/fortios/CTRL-013_PASS.cfg,fortios,CTRL-013,management.snmp.secure_configuration,PASS,7bea5a4d5267658368d62784cb04ba3e4a35ee1dc4b4c25beb34803fc68301ab,train,fortios::CTRL-013_PASS.cfg,fortios::CTRL-013,PASS-pinned,train/fortios__CTRL-013_PASS.cfg
CTRL-013_FAIL.cfg,configs/synthetic/fortios/CTRL-013_FAIL.cfg,fortios,CTRL-013,management.snmp.secure_configuration,FAIL,88bcd3395766fa185e359f3f164ed22dd4702b884f9cc105c02fcebfe56d5b2e,train,fortios::CTRL-013_FAIL.cfg,fortios::CTRL-013,CTRL-013,train/fortios__CTRL-013_FAIL.cfg
CTRL-013_MISSING.cfg,configs/synthetic/fortios/CTRL-013_MISSING.cfg,fortios,CTRL-013,management.snmp.secure_configuration,MISSING,48faa693d46886e7186a3afb27b6d9c3dccbad3f19391f137f7fe855a626c69b,train,fortios::CTRL-013_MISSING.cfg,fortios::CTRL-013,CTRL-013,train/fortios__CTRL-013_MISSING.cfg
CTRL-014_PASS.cfg,configs/synthetic/fortios/CTRL-014_PASS.cfg,fortios,CTRL-014,interfaces.unused_ports_disabled,PASS,7bea5a4d5267658368d62784cb04ba3e4a35ee1dc4b4c25beb34803fc68301ab,train,fortios::CTRL-014_PASS.cfg,fortios::CTRL-014,PASS-pinned,train/fortios__CTRL-014_PASS.cfg
CTRL-014_FAIL.cfg,configs/synthetic/fortios/CTRL-014_FAIL.cfg,fortios,CTRL-014,interfaces.unused_ports_disabled,FAIL,6fade6836c7be6b8fcaae668bbd0cd84d6f4b4863a6472dde7bf1e4a30eda13b,test,fortios::CTRL-014_FAIL.cfg,fortios::CTRL-014,CTRL-014,test/fortios__CTRL-014_FAIL.cfg
CTRL-014_MISSING.cfg,configs/synthetic/fortios/CTRL-014_MISSING.cfg,fortios,CTRL-014,interfaces.unused_ports_disabled,MISSING,5fc34de5cfff14f91a7300cd2b362240d957c5fa594efedce1620670a3201036,test,fortios::CTRL-014_MISSING.cfg,fortios::CTRL-014,CTRL-014,test/fortios__CTRL-014_MISSING.cfg
CTRL-015_PASS.cfg,configs/synthetic/fortios/CTRL-015_PASS.cfg,fortios,CTRL-015,management.acl.configured,PASS,7bea5a4d5267658368d62784cb04ba3e4a35ee1dc4b4c25beb34803fc68301ab,train,fortios::CTRL-015_PASS.cfg,fortios::CTRL-015,PASS-pinned,train/fortios__CTRL-015_PASS.cfg
CTRL-015_MISSING.cfg,configs/synthetic/fortios/CTRL-015_MISSING.cfg,fortios,CTRL-015,management.acl.configured,MISSING,3fd4562e1d1164f24f13eea33a7628265ad03cfd19dd1de6bc068952becee7a8,validation,fortios::CTRL-015_MISSING.cfg,fortios::CTRL-015,CTRL-015+CTRL-017,validation/fortios__CTRL-015_MISSING.cfg
CTRL-016_PASS.cfg,configs/synthetic/fortios/CTRL-016_PASS.cfg,fortios,CTRL-016,routing.protocol_authentication_enabled,PASS,7bea5a4d5267658368d62784cb04ba3e4a35ee1dc4b4c25beb34803fc68301ab,train,fortios::CTRL-016_PASS.cfg,fortios::CTRL-016,PASS-pinned,train/fortios__CTRL-016_PASS.cfg
CTRL-016_MISSING.cfg,configs/synthetic/fortios/CTRL-016_MISSING.cfg,fortios,CTRL-016,routing.protocol_authentication_enabled,MISSING,fe42efd949b416b962874adbee71309555391c6a69d2caa9fd17b6bfdaaebf9d,train,fortios::CTRL-016_MISSING.cfg,fortios::CTRL-016,CTRL-016,train/fortios__CTRL-016_MISSING.cfg
CTRL-017_PASS.cfg,configs/synthetic/fortios/CTRL-017_PASS.cfg,fortios,CTRL-017,management.admin_access.restricted,PASS,7bea5a4d5267658368d62784cb04ba3e4a35ee1dc4b4c25beb34803fc68301ab,train,fortios::CTRL-017_PASS.cfg,fortios::CTRL-017,PASS-pinned,train/fortios__CTRL-017_PASS.cfg
CTRL-017_MISSING.cfg,configs/synthetic/fortios/CTRL-017_MISSING.cfg,fortios,CTRL-017,management.admin_access.restricted,MISSING,3fd4562e1d1164f24f13eea33a7628265ad03cfd19dd1de6bc068952becee7a8,validation,fortios::CTRL-017_MISSING.cfg,fortios::CTRL-017,CTRL-015+CTRL-017,validation/fortios__CTRL-017_MISSING.cfg
CTRL-018_PASS.cfg,configs/synthetic/fortios/CTRL-018_PASS.cfg,fortios,CTRL-018,management.banner.configured,PASS,7bea5a4d5267658368d62784cb04ba3e4a35ee1dc4b4c25beb34803fc68301ab,train,fortios::CTRL-018_PASS.cfg,fortios::CTRL-018,PASS-pinned,train/fortios__CTRL-018_PASS.cfg
CTRL-018_FAIL.cfg,configs/synthetic/fortios/CTRL-018_FAIL.cfg,fortios,CTRL-018,management.banner.configured,FAIL,9e5060ae02d2258599df7b393fa28aee64bc887b3d603b778f4bfd3a8cbc69a9,train,fortios::CTRL-018_FAIL.cfg,fortios::CTRL-018,CTRL-018,train/fortios__CTRL-018_FAIL.cfg
CTRL-018_MISSING.cfg,configs/synthetic/fortios/CTRL-018_MISSING.cfg,fortios,CTRL-018,management.banner.configured,MISSING,294122dc2661805b21461cabae290e55e3158a3f8dc44d12f73ba2d02d5e63ed,train,fortios::CTRL-018_MISSING.cfg,fortios::CTRL-018,CTRL-018,train/fortios__CTRL-018_MISSING.cfg
CTRL-019_PASS.cfg,configs/synthetic/fortios/CTRL-019_PASS.cfg,fortios,CTRL-019,management.crypto.weak_algorithms_disabled,PASS,7bea5a4d5267658368d62784cb04ba3e4a35ee1dc4b4c25beb34803fc68301ab,train,fortios::CTRL-019_PASS.cfg,fortios::CTRL-019,PASS-pinned,train/fortios__CTRL-019_PASS.cfg
CTRL-019_FAIL.cfg,configs/synthetic/fortios/CTRL-019_FAIL.cfg,fortios,CTRL-019,management.crypto.weak_algorithms_disabled,FAIL,67028e01dd260c307d252c7b78e1458070029bdb1aef842967220261afe8dbee,test,fortios::CTRL-019_FAIL.cfg,fortios::CTRL-019,CTRL-019,test/fortios__CTRL-019_FAIL.cfg
CTRL-019_MISSING.cfg,configs/synthetic/fortios/CTRL-019_MISSING.cfg,fortios,CTRL-019,management.crypto.weak_algorithms_disabled,MISSING,2a5f4cb7c6bf2a515513b7829bc18cf37b7741a5dbaed28eab177c755e8ee9c3,test,fortios::CTRL-019_MISSING.cfg,fortios::CTRL-019,CTRL-019,test/fortios__CTRL-019_MISSING.cfg
CTRL-020_PASS.cfg,configs/synthetic/fortios/CTRL-020_PASS.cfg,fortios,CTRL-020,management.protocols.insecure_disabled,PASS,7bea5a4d5267658368d62784cb04ba3e4a35ee1dc4b4c25beb34803fc68301ab,train,fortios::CTRL-020_PASS.cfg,fortios::CTRL-020,PASS-pinned,train/fortios__CTRL-020_PASS.cfg
CTRL-020_FAIL.cfg,configs/synthetic/fortios/CTRL-020_FAIL.cfg,fortios,CTRL-020,management.protocols.insecure_disabled,FAIL,656561cd775ed2786af1687055cc94b5141cf23389b9dbb13de0f0aa9216c362,validation,fortios::CTRL-020_FAIL.cfg,fortios::CTRL-020,CTRL-020,validation/fortios__CTRL-020_FAIL.cfg
CTRL-020_MISSING.cfg,configs/synthetic/fortios/CTRL-020_MISSING.cfg,fortios,CTRL-020,management.protocols.insecure_disabled,MISSING,cb76c3bc036152ca44b19938fc7a1aef197ec81c696eb6052368ed78c31bfa91,validation,fortios::CTRL-020_MISSING.cfg,fortios::CTRL-020,CTRL-020,validation/fortios__CTRL-020_MISSING.cfg
CTRL-001_PASS.cfg,configs/synthetic/juniper_junos/CTRL-001_PASS.cfg,juniper_junos,CTRL-001,management.ssh.version,PASS,54c9d5e13d1c29814434a1ee6c5299c7f1caeef7364d8f0c7e684dd3a794cf00,train,juniper_junos::CTRL-001_PASS.cfg,juniper_junos::CTRL-001,PASS-pinned,train/juniper_junos__CTRL-001_PASS.cfg
CTRL-001_FAIL.cfg,configs/synthetic/juniper_junos/CTRL-001_FAIL.cfg,juniper_junos,CTRL-001,management.ssh.version,FAIL,5932d391d48ce01ac6e930114b8000dbb1c9c6a1004892d3240cd38b021ff0fd,train,juniper_junos::CTRL-001_FAIL.cfg,juniper_junos::CTRL-001,CTRL-001,train/juniper_junos__CTRL-001_FAIL.cfg
CTRL-001_MISSING.cfg,configs/synthetic/juniper_junos/CTRL-001_MISSING.cfg,juniper_junos,CTRL-001,management.ssh.version,MISSING,dcccfeb8194cba8ce876d69b56abd39023e1f817b254ccaaed8d4fb5644af65d,train,juniper_junos::CTRL-001_MISSING.cfg,juniper_junos::CTRL-001,CTRL-001,train/juniper_junos__CTRL-001_MISSING.cfg
CTRL-002_PASS.cfg,configs/synthetic/juniper_junos/CTRL-002_PASS.cfg,juniper_junos,CTRL-002,management.telnet.enabled,PASS,54c9d5e13d1c29814434a1ee6c5299c7f1caeef7364d8f0c7e684dd3a794cf00,train,juniper_junos::CTRL-002_PASS.cfg,juniper_junos::CTRL-002,PASS-pinned,train/juniper_junos__CTRL-002_PASS.cfg
CTRL-002_FAIL.cfg,configs/synthetic/juniper_junos/CTRL-002_FAIL.cfg,juniper_junos,CTRL-002,management.telnet.enabled,FAIL,f54cbc3d707fce1b52eec6b051206103112107b61d893fef04c69c93286d8c99,validation,juniper_junos::CTRL-002_FAIL.cfg,juniper_junos::CTRL-002,CTRL-002,validation/juniper_junos__CTRL-002_FAIL.cfg
CTRL-003_PASS.cfg,configs/synthetic/juniper_junos/CTRL-003_PASS.cfg,juniper_junos,CTRL-003,management.http.enabled,PASS,54c9d5e13d1c29814434a1ee6c5299c7f1caeef7364d8f0c7e684dd3a794cf00,train,juniper_junos::CTRL-003_PASS.cfg,juniper_junos::CTRL-003,PASS-pinned,train/juniper_junos__CTRL-003_PASS.cfg
CTRL-003_FAIL.cfg,configs/synthetic/juniper_junos/CTRL-003_FAIL.cfg,juniper_junos,CTRL-003,management.http.enabled,FAIL,7142885e7068216087c71c69b42b6e2288c40456b38a02129b6effd176c6240f,train,juniper_junos::CTRL-003_FAIL.cfg,juniper_junos::CTRL-003,CTRL-003,train/juniper_junos__CTRL-003_FAIL.cfg
CTRL-004_PASS.cfg,configs/synthetic/juniper_junos/CTRL-004_PASS.cfg,juniper_junos,CTRL-004,management.https.enabled,PASS,54c9d5e13d1c29814434a1ee6c5299c7f1caeef7364d8f0c7e684dd3a794cf00,train,juniper_junos::CTRL-004_PASS.cfg,juniper_junos::CTRL-004,PASS-pinned,train/juniper_junos__CTRL-004_PASS.cfg
CTRL-004_MISSING.cfg,configs/synthetic/juniper_junos/CTRL-004_MISSING.cfg,juniper_junos,CTRL-004,management.https.enabled,MISSING,c046c11b2ffa4aeee4f9b39f7397e0328d12c4ad4ba64d8b1097cede6ac3feec,test,juniper_junos::CTRL-004_MISSING.cfg,juniper_junos::CTRL-004,CTRL-004,test/juniper_junos__CTRL-004_MISSING.cfg
CTRL-005_PASS.cfg,configs/synthetic/juniper_junos/CTRL-005_PASS.cfg,juniper_junos,CTRL-005,management.session.idle_timeout_minutes,PASS,54c9d5e13d1c29814434a1ee6c5299c7f1caeef7364d8f0c7e684dd3a794cf00,train,juniper_junos::CTRL-005_PASS.cfg,juniper_junos::CTRL-005,PASS-pinned,train/juniper_junos__CTRL-005_PASS.cfg
CTRL-005_FAIL.cfg,configs/synthetic/juniper_junos/CTRL-005_FAIL.cfg,juniper_junos,CTRL-005,management.session.idle_timeout_minutes,FAIL,0acf1ac336bf7bc225784a1f7a7c244165526363cae3b1c75418e6a45b6dc678,train,juniper_junos::CTRL-005_FAIL.cfg,juniper_junos::CTRL-005,CTRL-005,train/juniper_junos__CTRL-005_FAIL.cfg
CTRL-005_MISSING.cfg,configs/synthetic/juniper_junos/CTRL-005_MISSING.cfg,juniper_junos,CTRL-005,management.session.idle_timeout_minutes,MISSING,148a7c81c1d588d6adbb7ef360395c2b45ac450a7eac06b2894503d51132fa7f,train,juniper_junos::CTRL-005_MISSING.cfg,juniper_junos::CTRL-005,CTRL-005,train/juniper_junos__CTRL-005_MISSING.cfg
CTRL-006_PASS.cfg,configs/synthetic/juniper_junos/CTRL-006_PASS.cfg,juniper_junos,CTRL-006,management.aaa.enabled,PASS,54c9d5e13d1c29814434a1ee6c5299c7f1caeef7364d8f0c7e684dd3a794cf00,train,juniper_junos::CTRL-006_PASS.cfg,juniper_junos::CTRL-006,PASS-pinned,train/juniper_junos__CTRL-006_PASS.cfg
CTRL-006_MISSING.cfg,configs/synthetic/juniper_junos/CTRL-006_MISSING.cfg,juniper_junos,CTRL-006,management.aaa.enabled,MISSING,f1c9acfbe74d552821e4c122ee6c1fda895701fba43df2c4b79804fe8b6687eb,train,juniper_junos::CTRL-006_MISSING.cfg,juniper_junos::CTRL-006,CTRL-006,train/juniper_junos__CTRL-006_MISSING.cfg
CTRL-007_PASS.cfg,configs/synthetic/juniper_junos/CTRL-007_PASS.cfg,juniper_junos,CTRL-007,management.password.strong_policy_enabled,PASS,54c9d5e13d1c29814434a1ee6c5299c7f1caeef7364d8f0c7e684dd3a794cf00,train,juniper_junos::CTRL-007_PASS.cfg,juniper_junos::CTRL-007,PASS-pinned,train/juniper_junos__CTRL-007_PASS.cfg
CTRL-007_MISSING.cfg,configs/synthetic/juniper_junos/CTRL-007_MISSING.cfg,juniper_junos,CTRL-007,management.password.strong_policy_enabled,MISSING,6a8fe2d526650331e43579b6b1f37ea7f1bac9a6ce4da0c6fdff3813cd1dde29,test,juniper_junos::CTRL-007_MISSING.cfg,juniper_junos::CTRL-007,CTRL-007,test/juniper_junos__CTRL-007_MISSING.cfg
CTRL-008_PASS.cfg,configs/synthetic/juniper_junos/CTRL-008_PASS.cfg,juniper_junos,CTRL-008,management.login.max_failed_attempts,PASS,54c9d5e13d1c29814434a1ee6c5299c7f1caeef7364d8f0c7e684dd3a794cf00,train,juniper_junos::CTRL-008_PASS.cfg,juniper_junos::CTRL-008,PASS-pinned,train/juniper_junos__CTRL-008_PASS.cfg
CTRL-008_FAIL.cfg,configs/synthetic/juniper_junos/CTRL-008_FAIL.cfg,juniper_junos,CTRL-008,management.login.max_failed_attempts,FAIL,f55ba97a55996cdecfa4050fab9d232f530d22b8a49b716d86a0281881ad17f0,train,juniper_junos::CTRL-008_FAIL.cfg,juniper_junos::CTRL-008,CTRL-008,train/juniper_junos__CTRL-008_FAIL.cfg
CTRL-008_MISSING.cfg,configs/synthetic/juniper_junos/CTRL-008_MISSING.cfg,juniper_junos,CTRL-008,management.login.max_failed_attempts,MISSING,b844de6b5adbd7761db3f529d7c610aff0bdd926b2185980fac5d946bb184a74,train,juniper_junos::CTRL-008_MISSING.cfg,juniper_junos::CTRL-008,CTRL-008,train/juniper_junos__CTRL-008_MISSING.cfg
CTRL-009_PASS.cfg,configs/synthetic/juniper_junos/CTRL-009_PASS.cfg,juniper_junos,CTRL-009,management.logging.enabled,PASS,54c9d5e13d1c29814434a1ee6c5299c7f1caeef7364d8f0c7e684dd3a794cf00,train,juniper_junos::CTRL-009_PASS.cfg,juniper_junos::CTRL-009,PASS-pinned,train/juniper_junos__CTRL-009_PASS.cfg
CTRL-009_MISSING.cfg,configs/synthetic/juniper_junos/CTRL-009_MISSING.cfg,juniper_junos,CTRL-009,management.logging.enabled,MISSING,6656d5cfd2e6cbe2a6fd5b6f0d2140d17c90d10f5b4bf5e8d2c1961f68b9a535,test,juniper_junos::CTRL-009_MISSING.cfg,juniper_junos::CTRL-009,CTRL-009,test/juniper_junos__CTRL-009_MISSING.cfg
CTRL-010_PASS.cfg,configs/synthetic/juniper_junos/CTRL-010_PASS.cfg,juniper_junos,CTRL-010,management.logging.remote_syslog_configured,PASS,54c9d5e13d1c29814434a1ee6c5299c7f1caeef7364d8f0c7e684dd3a794cf00,train,juniper_junos::CTRL-010_PASS.cfg,juniper_junos::CTRL-010,PASS-pinned,train/juniper_junos__CTRL-010_PASS.cfg
CTRL-010_MISSING.cfg,configs/synthetic/juniper_junos/CTRL-010_MISSING.cfg,juniper_junos,CTRL-010,management.logging.remote_syslog_configured,MISSING,140dcfba898f9e6823de26a309467e33f582e2a403d1a7a3987491fc994cb2ce,train,juniper_junos::CTRL-010_MISSING.cfg,juniper_junos::CTRL-010,CTRL-010,train/juniper_junos__CTRL-010_MISSING.cfg
CTRL-011_PASS.cfg,configs/synthetic/juniper_junos/CTRL-011_PASS.cfg,juniper_junos,CTRL-011,management.ntp.configured,PASS,54c9d5e13d1c29814434a1ee6c5299c7f1caeef7364d8f0c7e684dd3a794cf00,train,juniper_junos::CTRL-011_PASS.cfg,juniper_junos::CTRL-011,PASS-pinned,train/juniper_junos__CTRL-011_PASS.cfg
CTRL-011_MISSING.cfg,configs/synthetic/juniper_junos/CTRL-011_MISSING.cfg,juniper_junos,CTRL-011,management.ntp.configured,MISSING,ed1419cd364291cdf687dbc45d4d8f8bae99efe25a1ebdfb5c79ea6b9fbd94ef,train,juniper_junos::CTRL-011_MISSING.cfg,juniper_junos::CTRL-011,CTRL-011,train/juniper_junos__CTRL-011_MISSING.cfg
CTRL-012_PASS.cfg,configs/synthetic/juniper_junos/CTRL-012_PASS.cfg,juniper_junos,CTRL-012,management.ntp.authentication_enabled,PASS,54c9d5e13d1c29814434a1ee6c5299c7f1caeef7364d8f0c7e684dd3a794cf00,train,juniper_junos::CTRL-012_PASS.cfg,juniper_junos::CTRL-012,PASS-pinned,train/juniper_junos__CTRL-012_PASS.cfg
CTRL-012_MISSING.cfg,configs/synthetic/juniper_junos/CTRL-012_MISSING.cfg,juniper_junos,CTRL-012,management.ntp.authentication_enabled,MISSING,1c2e225bc6e7be311f24a0d1b929aa0e50ba3510267c69877c474765638dc2c1,train,juniper_junos::CTRL-012_MISSING.cfg,juniper_junos::CTRL-012,CTRL-012,train/juniper_junos__CTRL-012_MISSING.cfg
CTRL-013_PASS.cfg,configs/synthetic/juniper_junos/CTRL-013_PASS.cfg,juniper_junos,CTRL-013,management.snmp.secure_configuration,PASS,54c9d5e13d1c29814434a1ee6c5299c7f1caeef7364d8f0c7e684dd3a794cf00,train,juniper_junos::CTRL-013_PASS.cfg,juniper_junos::CTRL-013,PASS-pinned,train/juniper_junos__CTRL-013_PASS.cfg
CTRL-013_FAIL.cfg,configs/synthetic/juniper_junos/CTRL-013_FAIL.cfg,juniper_junos,CTRL-013,management.snmp.secure_configuration,FAIL,24e6237152d84fc9c1e8461003275ceb4801ac13d0892b56bc8fe7bc2e172509,validation,juniper_junos::CTRL-013_FAIL.cfg,juniper_junos::CTRL-013,CTRL-013,validation/juniper_junos__CTRL-013_FAIL.cfg
CTRL-013_MISSING.cfg,configs/synthetic/juniper_junos/CTRL-013_MISSING.cfg,juniper_junos,CTRL-013,management.snmp.secure_configuration,MISSING,ceb30ae89cb5f5b15c892ba36e3ad247ce8422de6410bed84ebb5dd3a3f9c78d,validation,juniper_junos::CTRL-013_MISSING.cfg,juniper_junos::CTRL-013,CTRL-013,validation/juniper_junos__CTRL-013_MISSING.cfg
CTRL-014_PASS.cfg,configs/synthetic/juniper_junos/CTRL-014_PASS.cfg,juniper_junos,CTRL-014,interfaces.unused_ports_disabled,PASS,54c9d5e13d1c29814434a1ee6c5299c7f1caeef7364d8f0c7e684dd3a794cf00,train,juniper_junos::CTRL-014_PASS.cfg,juniper_junos::CTRL-014,PASS-pinned,train/juniper_junos__CTRL-014_PASS.cfg
CTRL-014_MISSING.cfg,configs/synthetic/juniper_junos/CTRL-014_MISSING.cfg,juniper_junos,CTRL-014,interfaces.unused_ports_disabled,MISSING,297cf029d6262e9951ccc76571170f0e323d9e5b3b67601bd3f62a010549a019,test,juniper_junos::CTRL-014_MISSING.cfg,juniper_junos::CTRL-014,CTRL-014,test/juniper_junos__CTRL-014_MISSING.cfg
CTRL-015_PASS.cfg,configs/synthetic/juniper_junos/CTRL-015_PASS.cfg,juniper_junos,CTRL-015,management.acl.configured,PASS,54c9d5e13d1c29814434a1ee6c5299c7f1caeef7364d8f0c7e684dd3a794cf00,train,juniper_junos::CTRL-015_PASS.cfg,juniper_junos::CTRL-015,PASS-pinned,train/juniper_junos__CTRL-015_PASS.cfg
CTRL-015_MISSING.cfg,configs/synthetic/juniper_junos/CTRL-015_MISSING.cfg,juniper_junos,CTRL-015,management.acl.configured,MISSING,33c4ee6797dfe39e71eeb3710e76001730258056f5e0b1583316a2bacb08aedd,train,juniper_junos::CTRL-015_MISSING.cfg,juniper_junos::CTRL-015,CTRL-015,train/juniper_junos__CTRL-015_MISSING.cfg
CTRL-016_PASS.cfg,configs/synthetic/juniper_junos/CTRL-016_PASS.cfg,juniper_junos,CTRL-016,routing.protocol_authentication_enabled,PASS,54c9d5e13d1c29814434a1ee6c5299c7f1caeef7364d8f0c7e684dd3a794cf00,train,juniper_junos::CTRL-016_PASS.cfg,juniper_junos::CTRL-016,PASS-pinned,train/juniper_junos__CTRL-016_PASS.cfg
CTRL-016_MISSING.cfg,configs/synthetic/juniper_junos/CTRL-016_MISSING.cfg,juniper_junos,CTRL-016,routing.protocol_authentication_enabled,MISSING,1c58204ddc264b3ff165107b803a20493559a2ef4f5b026ef6613d4bac219d1c,train,juniper_junos::CTRL-016_MISSING.cfg,juniper_junos::CTRL-016,CTRL-016,train/juniper_junos__CTRL-016_MISSING.cfg
CTRL-017_PASS.cfg,configs/synthetic/juniper_junos/CTRL-017_PASS.cfg,juniper_junos,CTRL-017,management.admin_access.restricted,PASS,54c9d5e13d1c29814434a1ee6c5299c7f1caeef7364d8f0c7e684dd3a794cf00,train,juniper_junos::CTRL-017_PASS.cfg,juniper_junos::CTRL-017,PASS-pinned,train/juniper_junos__CTRL-017_PASS.cfg
CTRL-017_MISSING.cfg,configs/synthetic/juniper_junos/CTRL-017_MISSING.cfg,juniper_junos,CTRL-017,management.admin_access.restricted,MISSING,8eb3dc16469dd91cf6b74f3c40c26883783b836f11804e510efe00d187f8eaa8,train,juniper_junos::CTRL-017_MISSING.cfg,juniper_junos::CTRL-017,CTRL-017,train/juniper_junos__CTRL-017_MISSING.cfg
CTRL-018_PASS.cfg,configs/synthetic/juniper_junos/CTRL-018_PASS.cfg,juniper_junos,CTRL-018,management.banner.configured,PASS,54c9d5e13d1c29814434a1ee6c5299c7f1caeef7364d8f0c7e684dd3a794cf00,train,juniper_junos::CTRL-018_PASS.cfg,juniper_junos::CTRL-018,PASS-pinned,train/juniper_junos__CTRL-018_PASS.cfg
CTRL-018_MISSING.cfg,configs/synthetic/juniper_junos/CTRL-018_MISSING.cfg,juniper_junos,CTRL-018,management.banner.configured,MISSING,2ff4b930a498b3d6bf361ff5649c02e6fcbb5adfe06e57646bbaf2b12dc4ee2c,train,juniper_junos::CTRL-018_MISSING.cfg,juniper_junos::CTRL-018,CTRL-018,train/juniper_junos__CTRL-018_MISSING.cfg
CTRL-019_PASS.cfg,configs/synthetic/juniper_junos/CTRL-019_PASS.cfg,juniper_junos,CTRL-019,management.crypto.weak_algorithms_disabled,PASS,54c9d5e13d1c29814434a1ee6c5299c7f1caeef7364d8f0c7e684dd3a794cf00,train,juniper_junos::CTRL-019_PASS.cfg,juniper_junos::CTRL-019,PASS-pinned,train/juniper_junos__CTRL-019_PASS.cfg
CTRL-019_FAIL.cfg,configs/synthetic/juniper_junos/CTRL-019_FAIL.cfg,juniper_junos,CTRL-019,management.crypto.weak_algorithms_disabled,FAIL,ea5497aae09b57eaf89dbc07f0ffed1b5f5fa475b8d150f890fe4f41af2650a2,test,juniper_junos::CTRL-019_FAIL.cfg,juniper_junos::CTRL-019,CTRL-019,test/juniper_junos__CTRL-019_FAIL.cfg
CTRL-019_MISSING.cfg,configs/synthetic/juniper_junos/CTRL-019_MISSING.cfg,juniper_junos,CTRL-019,management.crypto.weak_algorithms_disabled,MISSING,697ecdebb131ba28b9e93100a670a5ddcce44b57e7fcb99e67be1db5503fd6da,test,juniper_junos::CTRL-019_MISSING.cfg,juniper_junos::CTRL-019,CTRL-019,test/juniper_junos__CTRL-019_MISSING.cfg
CTRL-020_PASS.cfg,configs/synthetic/juniper_junos/CTRL-020_PASS.cfg,juniper_junos,CTRL-020,management.protocols.insecure_disabled,PASS,54c9d5e13d1c29814434a1ee6c5299c7f1caeef7364d8f0c7e684dd3a794cf00,train,juniper_junos::CTRL-020_PASS.cfg,juniper_junos::CTRL-020,PASS-pinned,train/juniper_junos__CTRL-020_PASS.cfg
CTRL-020_FAIL.cfg,configs/synthetic/juniper_junos/CTRL-020_FAIL.cfg,juniper_junos,CTRL-020,management.protocols.insecure_disabled,FAIL,f903c259703a7685a33c448e21e45a9ebb5021d7b0b7c28c743450d9db06d6a8,train,juniper_junos::CTRL-020_FAIL.cfg,juniper_junos::CTRL-020,CTRL-020,train/juniper_junos__CTRL-020_FAIL.cfg
CTRL-003_PASS.cfg,configs/synthetic/panos/CTRL-003_PASS.cfg,panos,CTRL-003,management.http.enabled,PASS,5725b42795b924255fd14da54dabfa876d57e159ba54fc0ab913f87f06942cc8,train,panos::CTRL-003_PASS.cfg,panos::CTRL-003,PASS-pinned,train/panos__CTRL-003_PASS.cfg
CTRL-003_FAIL.cfg,configs/synthetic/panos/CTRL-003_FAIL.cfg,panos,CTRL-003,management.http.enabled,FAIL,fe2b15b0d7f8e3c6fb703c8299f28fca929ed01875cc443fdcb457e0cdb40ee6,validation,panos::CTRL-003_FAIL.cfg,panos::CTRL-003,CTRL-003,validation/panos__CTRL-003_FAIL.cfg
CTRL-003_MISSING.cfg,configs/synthetic/panos/CTRL-003_MISSING.cfg,panos,CTRL-003,management.http.enabled,MISSING,9ca2a3938e38fc41850600b7c553eba20edc6533d0ed60c627a28d8868d5046a,validation,panos::CTRL-003_MISSING.cfg,panos::CTRL-003,CTRL-003,validation/panos__CTRL-003_MISSING.cfg
CTRL-004_PASS.cfg,configs/synthetic/panos/CTRL-004_PASS.cfg,panos,CTRL-004,management.https.enabled,PASS,5725b42795b924255fd14da54dabfa876d57e159ba54fc0ab913f87f06942cc8,train,panos::CTRL-004_PASS.cfg,panos::CTRL-004,PASS-pinned,train/panos__CTRL-004_PASS.cfg
CTRL-004_FAIL.cfg,configs/synthetic/panos/CTRL-004_FAIL.cfg,panos,CTRL-004,management.https.enabled,FAIL,82e4f158465ad495d87559824af3c1b0d918468bb7e1fd219eab0ff60776f768,validation,panos::CTRL-004_FAIL.cfg,panos::CTRL-004,CTRL-004,validation/panos__CTRL-004_FAIL.cfg
CTRL-004_MISSING.cfg,configs/synthetic/panos/CTRL-004_MISSING.cfg,panos,CTRL-004,management.https.enabled,MISSING,d8f7c59314eff03aad692d0d5a4c0a289a4e74725e81b52770af58ecc5895386,validation,panos::CTRL-004_MISSING.cfg,panos::CTRL-004,CTRL-004,validation/panos__CTRL-004_MISSING.cfg
CTRL-005_PASS.cfg,configs/synthetic/panos/CTRL-005_PASS.cfg,panos,CTRL-005,management.session.idle_timeout_minutes,PASS,5725b42795b924255fd14da54dabfa876d57e159ba54fc0ab913f87f06942cc8,train,panos::CTRL-005_PASS.cfg,panos::CTRL-005,PASS-pinned,train/panos__CTRL-005_PASS.cfg
CTRL-005_FAIL.cfg,configs/synthetic/panos/CTRL-005_FAIL.cfg,panos,CTRL-005,management.session.idle_timeout_minutes,FAIL,45852c7eaa3c6bb39f23ad0bf4b17102c3d7b4b2aa5500dc66236fd57851b65a,train,panos::CTRL-005_FAIL.cfg,panos::CTRL-005,CTRL-005,train/panos__CTRL-005_FAIL.cfg
CTRL-005_MISSING.cfg,configs/synthetic/panos/CTRL-005_MISSING.cfg,panos,CTRL-005,management.session.idle_timeout_minutes,MISSING,2e29bea876ab9749bd95c1e48d9b55a71a6959a437e887c93749fdb986946796,train,panos::CTRL-005_MISSING.cfg,panos::CTRL-005,CTRL-005,train/panos__CTRL-005_MISSING.cfg
CTRL-006_PASS.cfg,configs/synthetic/panos/CTRL-006_PASS.cfg,panos,CTRL-006,management.aaa.enabled,PASS,5725b42795b924255fd14da54dabfa876d57e159ba54fc0ab913f87f06942cc8,train,panos::CTRL-006_PASS.cfg,panos::CTRL-006,PASS-pinned,train/panos__CTRL-006_PASS.cfg
CTRL-006_MISSING.cfg,configs/synthetic/panos/CTRL-006_MISSING.cfg,panos,CTRL-006,management.aaa.enabled,MISSING,82da93c7dcafdfe9309614958f04d8c0816f149cd6f33286470f617fc5463803,train,panos::CTRL-006_MISSING.cfg,panos::CTRL-006,CTRL-006,train/panos__CTRL-006_MISSING.cfg
CTRL-007_PASS.cfg,configs/synthetic/panos/CTRL-007_PASS.cfg,panos,CTRL-007,management.password.strong_policy_enabled,PASS,5725b42795b924255fd14da54dabfa876d57e159ba54fc0ab913f87f06942cc8,train,panos::CTRL-007_PASS.cfg,panos::CTRL-007,PASS-pinned,train/panos__CTRL-007_PASS.cfg
CTRL-007_MISSING.cfg,configs/synthetic/panos/CTRL-007_MISSING.cfg,panos,CTRL-007,management.password.strong_policy_enabled,MISSING,341118e63b2764dc08f2f7d3849e4671da5f40d396cb54fb099ff71a3fb59258,train,panos::CTRL-007_MISSING.cfg,panos::CTRL-007,CTRL-007,train/panos__CTRL-007_MISSING.cfg
CTRL-008_PASS.cfg,configs/synthetic/panos/CTRL-008_PASS.cfg,panos,CTRL-008,management.login.max_failed_attempts,PASS,5725b42795b924255fd14da54dabfa876d57e159ba54fc0ab913f87f06942cc8,train,panos::CTRL-008_PASS.cfg,panos::CTRL-008,PASS-pinned,train/panos__CTRL-008_PASS.cfg
CTRL-008_FAIL.cfg,configs/synthetic/panos/CTRL-008_FAIL.cfg,panos,CTRL-008,management.login.max_failed_attempts,FAIL,0835a9ceff6644599587f00d9f33e635c400812f226990e221e7aa4544fedd1d,train,panos::CTRL-008_FAIL.cfg,panos::CTRL-008,CTRL-008,train/panos__CTRL-008_FAIL.cfg
CTRL-008_MISSING.cfg,configs/synthetic/panos/CTRL-008_MISSING.cfg,panos,CTRL-008,management.login.max_failed_attempts,MISSING,cfab8612ed08466d7c48f5778d254d62683627df880c94a43568c18925aa99bf,train,panos::CTRL-008_MISSING.cfg,panos::CTRL-008,CTRL-008,train/panos__CTRL-008_MISSING.cfg
CTRL-009_PASS.cfg,configs/synthetic/panos/CTRL-009_PASS.cfg,panos,CTRL-009,management.logging.enabled,PASS,5725b42795b924255fd14da54dabfa876d57e159ba54fc0ab913f87f06942cc8,train,panos::CTRL-009_PASS.cfg,panos::CTRL-009,PASS-pinned,train/panos__CTRL-009_PASS.cfg
CTRL-009_MISSING.cfg,configs/synthetic/panos/CTRL-009_MISSING.cfg,panos,CTRL-009,management.logging.enabled,MISSING,d79e91b5a4369e4a5f408ba8cb7b61ff49e6657eac1ce5abe8aed8e53c82e7f3,train,panos::CTRL-009_MISSING.cfg,panos::CTRL-009,CTRL-009,train/panos__CTRL-009_MISSING.cfg
CTRL-010_PASS.cfg,configs/synthetic/panos/CTRL-010_PASS.cfg,panos,CTRL-010,management.logging.remote_syslog_configured,PASS,5725b42795b924255fd14da54dabfa876d57e159ba54fc0ab913f87f06942cc8,train,panos::CTRL-010_PASS.cfg,panos::CTRL-010,PASS-pinned,train/panos__CTRL-010_PASS.cfg
CTRL-010_MISSING.cfg,configs/synthetic/panos/CTRL-010_MISSING.cfg,panos,CTRL-010,management.logging.remote_syslog_configured,MISSING,185489b9121037c723c2cacbcbbd715c127a2735786ddd91abcc2c0508c6c6f3,train,panos::CTRL-010_MISSING.cfg,panos::CTRL-010,CTRL-010,train/panos__CTRL-010_MISSING.cfg
CTRL-011_PASS.cfg,configs/synthetic/panos/CTRL-011_PASS.cfg,panos,CTRL-011,management.ntp.configured,PASS,5725b42795b924255fd14da54dabfa876d57e159ba54fc0ab913f87f06942cc8,train,panos::CTRL-011_PASS.cfg,panos::CTRL-011,PASS-pinned,train/panos__CTRL-011_PASS.cfg
CTRL-011_MISSING.cfg,configs/synthetic/panos/CTRL-011_MISSING.cfg,panos,CTRL-011,management.ntp.configured,MISSING,5d1a71ad195d8eccf096c89efff321aa8e4730dcfbe4726245a4b1c4ec44a8ad,train,panos::CTRL-011_MISSING.cfg,panos::CTRL-011,CTRL-011,train/panos__CTRL-011_MISSING.cfg
CTRL-012_PASS.cfg,configs/synthetic/panos/CTRL-012_PASS.cfg,panos,CTRL-012,management.ntp.authentication_enabled,PASS,5725b42795b924255fd14da54dabfa876d57e159ba54fc0ab913f87f06942cc8,train,panos::CTRL-012_PASS.cfg,panos::CTRL-012,PASS-pinned,train/panos__CTRL-012_PASS.cfg
CTRL-012_MISSING.cfg,configs/synthetic/panos/CTRL-012_MISSING.cfg,panos,CTRL-012,management.ntp.authentication_enabled,MISSING,3f9264d318b0a8aa55a54194ea603fc20537f61be0aad01ecc48cb86821c92b0,test,panos::CTRL-012_MISSING.cfg,panos::CTRL-012,CTRL-012,test/panos__CTRL-012_MISSING.cfg
CTRL-013_PASS.cfg,configs/synthetic/panos/CTRL-013_PASS.cfg,panos,CTRL-013,management.snmp.secure_configuration,PASS,5725b42795b924255fd14da54dabfa876d57e159ba54fc0ab913f87f06942cc8,train,panos::CTRL-013_PASS.cfg,panos::CTRL-013,PASS-pinned,train/panos__CTRL-013_PASS.cfg
CTRL-013_FAIL.cfg,configs/synthetic/panos/CTRL-013_FAIL.cfg,panos,CTRL-013,management.snmp.secure_configuration,FAIL,74bb7a863be59f9b60f2c2b44e36ece46a219ff043a1a1e8c54e05f4aedae75b,train,panos::CTRL-013_FAIL.cfg,panos::CTRL-013,CTRL-013,train/panos__CTRL-013_FAIL.cfg
CTRL-013_MISSING.cfg,configs/synthetic/panos/CTRL-013_MISSING.cfg,panos,CTRL-013,management.snmp.secure_configuration,MISSING,0205837f838689adc555a087d221374a78f87c290c2aad98b82ddf8f9b75d973,train,panos::CTRL-013_MISSING.cfg,panos::CTRL-013,CTRL-013,train/panos__CTRL-013_MISSING.cfg
CTRL-014_PASS.cfg,configs/synthetic/panos/CTRL-014_PASS.cfg,panos,CTRL-014,interfaces.unused_ports_disabled,PASS,5725b42795b924255fd14da54dabfa876d57e159ba54fc0ab913f87f06942cc8,train,panos::CTRL-014_PASS.cfg,panos::CTRL-014,PASS-pinned,train/panos__CTRL-014_PASS.cfg
CTRL-014_FAIL.cfg,configs/synthetic/panos/CTRL-014_FAIL.cfg,panos,CTRL-014,interfaces.unused_ports_disabled,FAIL,4a83784a3e7fcfb6d0d63012753fc38d7225d9a174be2cc9e518157d64118036,train,panos::CTRL-014_FAIL.cfg,panos::CTRL-014,CTRL-014,train/panos__CTRL-014_FAIL.cfg
CTRL-015_PASS.cfg,configs/synthetic/panos/CTRL-015_PASS.cfg,panos,CTRL-015,management.acl.configured,PASS,5725b42795b924255fd14da54dabfa876d57e159ba54fc0ab913f87f06942cc8,train,panos::CTRL-015_PASS.cfg,panos::CTRL-015,PASS-pinned,train/panos__CTRL-015_PASS.cfg
CTRL-015_MISSING.cfg,configs/synthetic/panos/CTRL-015_MISSING.cfg,panos,CTRL-015,management.acl.configured,MISSING,ea47c10714ffb5caacbfa12d0af9fc423a847421b5bf4e1609ccd19a508b8098,test,panos::CTRL-015_MISSING.cfg,panos::CTRL-015,CTRL-015,test/panos__CTRL-015_MISSING.cfg
CTRL-016_PASS.cfg,configs/synthetic/panos/CTRL-016_PASS.cfg,panos,CTRL-016,routing.protocol_authentication_enabled,PASS,5725b42795b924255fd14da54dabfa876d57e159ba54fc0ab913f87f06942cc8,train,panos::CTRL-016_PASS.cfg,panos::CTRL-016,PASS-pinned,train/panos__CTRL-016_PASS.cfg
CTRL-016_MISSING.cfg,configs/synthetic/panos/CTRL-016_MISSING.cfg,panos,CTRL-016,routing.protocol_authentication_enabled,MISSING,82097ba281b3fc5d8e0b6531de5c0f9b4fd20531c3b5dc58c5ae77caebb2694e,train,panos::CTRL-016_MISSING.cfg,panos::CTRL-016,CTRL-016,train/panos__CTRL-016_MISSING.cfg
CTRL-017_PASS.cfg,configs/synthetic/panos/CTRL-017_PASS.cfg,panos,CTRL-017,management.admin_access.restricted,PASS,5725b42795b924255fd14da54dabfa876d57e159ba54fc0ab913f87f06942cc8,train,panos::CTRL-017_PASS.cfg,panos::CTRL-017,PASS-pinned,train/panos__CTRL-017_PASS.cfg
CTRL-017_MISSING.cfg,configs/synthetic/panos/CTRL-017_MISSING.cfg,panos,CTRL-017,management.admin_access.restricted,MISSING,85a19c4cad4476aaff4f1734d65af62b891fc06207de65680f86e525124705ab,train,panos::CTRL-017_MISSING.cfg,panos::CTRL-017,CTRL-017,train/panos__CTRL-017_MISSING.cfg
CTRL-018_PASS.cfg,configs/synthetic/panos/CTRL-018_PASS.cfg,panos,CTRL-018,management.banner.configured,PASS,5725b42795b924255fd14da54dabfa876d57e159ba54fc0ab913f87f06942cc8,train,panos::CTRL-018_PASS.cfg,panos::CTRL-018,PASS-pinned,train/panos__CTRL-018_PASS.cfg
CTRL-018_MISSING.cfg,configs/synthetic/panos/CTRL-018_MISSING.cfg,panos,CTRL-018,management.banner.configured,MISSING,ae2750ace5c9c6a6f3231f963f4c477c3bed56a1879f02411aa10ab708fd979f,test,panos::CTRL-018_MISSING.cfg,panos::CTRL-018,CTRL-018,test/panos__CTRL-018_MISSING.cfg
CTRL-019_PASS.cfg,configs/synthetic/panos/CTRL-019_PASS.cfg,panos,CTRL-019,management.crypto.weak_algorithms_disabled,PASS,5725b42795b924255fd14da54dabfa876d57e159ba54fc0ab913f87f06942cc8,train,panos::CTRL-019_PASS.cfg,panos::CTRL-019,PASS-pinned,train/panos__CTRL-019_PASS.cfg
CTRL-019_FAIL.cfg,configs/synthetic/panos/CTRL-019_FAIL.cfg,panos,CTRL-019,management.crypto.weak_algorithms_disabled,FAIL,9397cc9d16da79b33134a3c95811fb028b510ab9aa6f3d754dd8e75e3b227bb6,train,panos::CTRL-019_FAIL.cfg,panos::CTRL-019,CTRL-019,train/panos__CTRL-019_FAIL.cfg
CTRL-019_MISSING.cfg,configs/synthetic/panos/CTRL-019_MISSING.cfg,panos,CTRL-019,management.crypto.weak_algorithms_disabled,MISSING,841f3c6ed59b9b58de874042cfb9f7a4eb6a194832ae5baf63f7c81493271281,train,panos::CTRL-019_MISSING.cfg,panos::CTRL-019,CTRL-019,train/panos__CTRL-019_MISSING.cfg
CTRL-020_PASS.cfg,configs/synthetic/panos/CTRL-020_PASS.cfg,panos,CTRL-020,management.protocols.insecure_disabled,PASS,5725b42795b924255fd14da54dabfa876d57e159ba54fc0ab913f87f06942cc8,train,panos::CTRL-020_PASS.cfg,panos::CTRL-020,PASS-pinned,train/panos__CTRL-020_PASS.cfg
CTRL-020_FAIL.cfg,configs/synthetic/panos/CTRL-020_FAIL.cfg,panos,CTRL-020,management.protocols.insecure_disabled,FAIL,92640a591e47f59823e2dc334c5d919ecb08069b8174f5446ec0f18eba1528ff,test,panos::CTRL-020_FAIL.cfg,panos::CTRL-020,CTRL-020,test/panos__CTRL-020_FAIL.cfg
CTRL-020_MISSING.cfg,configs/synthetic/panos/CTRL-020_MISSING.cfg,panos,CTRL-020,management.protocols.insecure_disabled,MISSING,d2efa3f7800227d0bea59694dd19ea5e401570b221aaae6d17e59547736b9248,test,panos::CTRL-020_MISSING.cfg,panos::CTRL-020,CTRL-020,test/panos__CTRL-020_MISSING.cfg
